n01443537	common goldfish
n01443537	fancy goldfish
n01443537	goldfish bowl
n01484850	genus Carcharodon
n01484850	man-eating tigers
n01498041	Atlantic stingray
n01498041	stingray venom
n01518878	north African ostrich
n01518878	ostrich dinosaur
n01518878	ostrich egg
n01518878	ostrich farm
n01518878	ostrich farmer
n01518878	ostrich farming
n01518878	ostrich farming in the Philippines
n01518878	ostrich farms
n01518878	ostrich meat
n01518878	ostrich plume
n01518878	Ostrich Race
n01518878	ostrich racing
n01518878	Syrian Ostrich
n01518878	yellow ostrich
n01531178	eastern goldfinch
n01534433	Genus Junco
n01560419	Comoro bulbul
n01580077	blue jay
n01580077	Eurasian Jay
n01580077	Florida scrub jay
n01580077	Grey jay
n01580077	Jay love
n01580077	Old World jay
n01580077	scrub jay
n01580077	Stellar Jay
n01582220	black magpie
n01582220	Korean magpie
n01582220	Magpie Festival
n01582220	Oriental magpie
n01582220	Thieving Magpie
n01601694	Family Cinclidae
n01614925	American bald eagle
n01614925	American bald eagles
n01616318	black vulture
n01616318	New World vulture
n01616318	New World Vultures
n01616318	white-headed vulture
n01616318	white vulture
n01632777	axolotl salamander
n01632777	Family Proteidae
n01644900	Coastal Tailed Frog
n01665541	leatherback turtles
n01667114	Genus Kinosternon
n01667778	red-eared terrapin
n01669191	Eastern box turtle
n01669191	Indochinese box turtle
n01669191	ornate box turtle
n01677366	common iguana
n01677366	genus Iguana
n01677366	green iguana
n01677366	iguana meat
n01677366	marine iguana
n01677366	Orange Iguana
n01682714	anole lizard
n01682714	Green anole
n01685808	whiptail lizard
n01687978	genus Agama
n01687978	ground agama
n01687978	red-headed rock agama
n01687978	rock agama
n01692333	giant gila monster
n01704323	genus Triceratops
n01704323	Triceratops horridus
n01704323	Triceratops prorsus
n01729322	hognose snakes
n01734418	common kingsnake
n01735189	aquatic garter snake
n01735189	checkered garter snake
n01735189	common garter snake
n01735189	European grass snake
n01735189	Plains garter snake
n01735189	red-sided garter snake
n01735189	western Garter snake
n01740131	Hypsiglena torquata unaocularis
n01742172	Boa constrictor imperator
n01751748	Erabu sea snake
n01751748	Family Hydrophiidae
n01751748	yellow-bellied sea snake
n01753488	genus Cerastes
n01755581	western diamondback
n01768244	trilobite beds
n01768244	trilobite eye
n01770081	order Opiliones
n01770393	bark scorpion
n01770393	black scorpion
n01770393	desert hairy scorpion
n01770393	Indian red scorpion
n01770393	red scorpion
n01770393	Scorpion II
n01770393	Scorpion kick
n01770393	Scorpion Light tank
n01770393	Scorpion man
n01770393	scorpion sting
n01770393	scorpion stings
n01770393	Scorpion tank
n01776313	cattle tick
n01776313	deer tick
n01776313	soft-bodied tick
n01776313	soft tick
n01776313	soft ticks
n01776313	tick bite
n01776313	tick infestation
n01776313	wood tick
n01784675	giant centipede
n01784675	human centipede
n01796340	Genus Lagopus
n01806567	bobwhite quail
n01806567	Button Quail
n01806567	California quail
n01806567	mountain quail
n01806567	New World Quail
n01806567	quail egg
n01806567	quail eggs
n01806567	quail hunting
n01806567	Valley quail
n01807496	black partridge
n01807496	eye of the partridge
n01807496	Hungarian partridge
n01807496	Madagascar partridge
n01817953	Congo African Grey Parrot
n01818515	blue and gold Macaw
n01818515	blue macaw
n01818515	Great Green Macaw
n01818515	green-winged macaw
n01818515	military macaws
n01818515	scarlet macaw
n01824575	Genus Centropus
n01828970	European bee-eater
n01828970	Family Meropidae
n01828970	green bee-eater
n01828970	Rainbow Bee-Eater
n01829413	black hornbill
n01829413	family Bucerotidae
n01829413	great hornbill
n01829413	Great Indian Hornbill
n01829413	Philippine hornbill
n01833805	family Trochilidae
n01833805	giant hummingbird
n01833805	hummingbird feeder
n01833805	left-handed hummingbird
n01843065	Family Galbulidae
n01855672	African goose
n01855672	black geese
n01855672	blue goose
n01855672	golden goose
n01855672	goose father
n01855672	goose feather
n01855672	goose hunt
n01855672	goose hunting
n01855672	goose pond
n01855672	goose skin
n01855672	gray goose
n01855672	roast goose
n01855672	sacred geese
n01855672	white goose
n01855672	wild geese
n01855672	wild goose
n01860187	Black Swan class
n01872401	Family Tachyglossidae
n01872401	long-beaked echidna
n01873310	platypus venom
n01877812	hare wallaby
n01877812	red-necked wallaby
n01877812	Rock Wallaby
n01877812	rufous hare wallaby
n01877812	swamp wallaby
n01877812	Yellow-footed Rock Wallaby
n01882714	Koala Conservation Centre
n01882714	Kwicky Koala
n01883070	common wombat
n01883070	Family Vombatidae
n01883070	giant wombat
n01883070	Hairy-nosed Wombat
n01883070	Southern Hairy-nosed Wombat
n01883070	Willie Wombat
n01910747	blue jellyfish
n01910747	common jellyfish
n01910747	freshwater jellyfish
n01910747	giant jellyfish
n01910747	jellyfish stings
n01910747	stalked jellyfish
n01910747	true jellyfish
n01924916	land flatworm
n01924916	phylum Platyhelminthes
n01930112	Antinematodal agents
n01930112	beneficial nematode
n01930112	beneficial nematodes
n01930112	bulb nematode
n01930112	Entomopathogenic nematode
n01930112	filarial nematodes
n01930112	Foliar nematodes
n01930112	nematode Her-1
n01930112	nematode infections
n01930112	nematode worm
n01930112	nematode worms
n01930112	parasitic nematode
n01930112	parasitic nematodes
n01930112	phylum Nematoda
n01930112	root-knot nematode
n01943899	conch soup
n01943899	true conch
n01944390	African snail
n01944390	apple snail
n01944390	edible snail
n01944390	freshwater snail
n01944390	freshwater snails
n01944390	garden snails
n01944390	giant African snail
n01944390	land snail
n01944390	land snails
n01944390	Partula snail
n01944390	pond snail
n01944390	river snail
n01944390	sea snail
n01944390	sea snails
n01944390	short Samoan Tree Snail
n01944390	snail in a bottle
n01944390	snail race
n01944390	snail racing
n01944390	snail shell
n01944390	spring snail
n01944390	tree snail
n01944390	turban snail
n01944390	white-lipped snail
n01945685	blue slug
n01945685	metal slug
n01945685	sap-sucking sea slug
n01945685	sea slug
n01945685	Space Slug
n01950731	blue sea slug
n01950731	Seaslug missile
n01950731	Sea Slug missile
n01968897	genus Nautilus
n01981276	Alaska King Crab
n01981276	Alaskan king crab
n01981276	blue king crab
n01981276	southern king crab
n01984695	Australian spiny lobster
n01984695	crawfish pie
n01984695	freshwater crayfish
n01984695	southern rock lobster
n01985128	crawfish boil
n01985128	crayfish factory
n01985128	swamp crayfish
n01986214	land hermit crab
n01986214	terrestrial hermit crab
n01990800	order Isopoda
n02002556	European white stork
n02006656	genus Platalea
n02006656	roseate spoonbill
n02007558	American flamingo
n02007558	Andean flamingo
n02007558	Chilean flamingo
n02007558	Flamingo tongue
n02007558	greater flamingo
n02007558	lesser flamingo
n02007558	pink flamingo
n02007558	pink flamingoes
n02007558	pink flamingos
n02007558	plastic flamingos
n02011460	Australasian bittern
n02012849	demoiselle crane
n02012849	Family Gruidae
n02012849	gigantic crane
n02012849	Izumi crane migration grounds
n02012849	sarus cranes
n02012849	Siberian crane
n02012849	thousand cranes
n02012849	white crane
n02018795	Australian bustard
n02018795	family Otididae
n02018795	great bustard
n02018795	Kori bustard
n02037110	Family Haematopodidae
n02037110	Genus Haematopus
n02037110	pied oystercatcher
n02037110	South Island pied oystercatcher
n02037110	variable oystercatcher
n02051845	Australian Pelican
n02051845	brown pelican
n02051845	brown pelicans
n02051845	Family Pelecanidae
n02051845	Grey Pelican
n02051845	Pelican Island
n02051845	white pelican
n02058221	Albatross Island
n02058221	family Diomedeidae
n02058221	great albatross
n02058221	North Pacific albatross
n02058221	USS Albatross
n02058221	Wandering Albatross
n02058221	yellow-nosed albatross
n02066245	California Gray Whale
n02066245	gray whale migration
n02071294	captive orca
n02071294	captive orcas
n02071294	killer whale population
n02071294	killer whales
n02074367	Genus Dugong
n02077923	Australian sea lion
n02077923	California sea lion
n02077923	California sea lions
n02077923	Galapagos sea lion
n02077923	Operation Sealion
n02077923	Operation Sea Lion
n02085782	Japanese Chin dogs
n02085936	Maltese cross
n02085936	Maltese language
n02086079	Pekingese dog
n02086910	Papillon dog
n02088364	Beegle Beagle
n02088466	Bayard the Bloodhound
n02091134	Longhaired Whippet
n02093428	American pit bull Terrier
n02097298	Scottie dog
n02104029	Hungarian Kuvasz
n02105412	water kelpie
n02106662	Alsatian dog
n02106662	German Shepherd dog
n02106662	German Shepherd dogs
n02106662	white German Shepherd
n02106662	white German Shepherd dog
n02108089	Boxer Dog
n02108089	boxer dogs
n02108089	Boxer movement
n02108089	Boxer rebels
n02108089	Boxer uprising
n02108089	white boxer
n02109525	Saint Bernard dog
n02109961	Connecticut Huskies
n02109961	husky dogs
n02109961	Husky Wrench
n02109961	Northern Illinois Huskies
n02109961	Operation Husky
n02109961	Siberian Husky
n02110341	Dalmatian dog
n02110341	Dalmatian dogs
n02110958	pug dog
n02110958	talking pug
n02110958	ugly pug
n02112018	Pomeranian dog
n02114367	Canadian Timber Wolf
n02114367	German raider Wolf
n02114367	Gray Wolf subspecies
n02114367	hunting of wolves
n02114367	list of wolves
n02114367	raised by wolves
n02114367	subspecies of the gray wolf
n02114367	subspecies of the grey wolf
n02114367	white wolves
n02114367	wild wolves
n02114367	wolves in the walls
n02114367	wolves of the sea
n02114855	Coyote State
n02114855	Don Coyote
n02115641	dingo attack
n02115641	dingo scalping
n02117135	brown hyena
n02117135	Family Hyaenidae
n02117135	Genus Hyaena
n02117135	spotted hyena
n02117135	striped hyena
n02119022	desert fox
n02119022	Sierra Nevada Red Fox
n02119789	San Joaquin kit fox
n02120079	Arctic Fox fur
n02123045	orange tabby
n02123045	red tabby
n02123045	tabby cat
n02123045	tabby house
n02123394	Colourpoint Persian
n02123394	traditional Persian
n02123597	Siamese cats
n02125311	Cougar Mountain
n02125311	eastern cougar
n02125311	Mercury Cougar
n02125311	Pete Puma
n02125311	Puma company
n02125311	SIUE Cougars
n02127052	Balkan Lynx
n02127052	genus Lynx
n02127052	Lesley Lynx
n02127052	Lynx AH7
n02127052	Lynx browser
n02127052	Lynx helicopter
n02127052	Lynx Lymmo
n02127052	Lynx web browser
n02127052	Missing Lynx
n02127052	North American lynx
n02127052	Rhodes Lynx
n02127052	Spanish lynx
n02128385	African leopard
n02128385	black leopard
n02128385	common leopard
n02128385	Leopard Attack
n02128385	Leopard Cat
n02128385	leopard head
n02128385	leopard hunt game
n02128385	Leopard Men
n02128385	leopard print
n02128385	leopard skin
n02128385	leopard spiny eel
n02128385	Persian leopard
n02128385	Sri Lankan leopard
n02128757	OS X 10.6 Snow Leopard
n02128925	black jaguar
n02128925	Jaguar console
n02129165	African lions
n02129165	Alex the Lion
n02129165	Asiatic lion
n02129165	black lion
n02129165	blue lion
n02129165	bronze lion
n02129165	four lions
n02129165	golden lion
n02129165	HMS Lion
n02129165	hunting the lion
n02129165	Joe the Lion
n02129165	King Lion
n02129165	Lenny the Lion
n02129165	Lion Corporation
n02129165	lion cub
n02129165	lion cubs
n02129165	lion dance
n02129165	lion economy
n02129165	lion head
n02129165	Lion House
n02129165	Lion of Lucerne
n02129165	lion roar
n02129165	Lions clubs
n02129165	lions passant
n02129165	lion war
n02129165	MGM Lion
n02129165	Napier Lion
n02129165	red lion
n02129165	Singa the lion
n02129165	Social Lion
n02129165	son of a lion
n02129165	stone lion
n02129165	Tawny lion
n02129165	white lion
n02129165	winged lion
n02129165	young lion
n02129604	Asian tiger
n02129604	Bengal tiger
n02129604	black tiger
n02129604	Blue Tiger
n02129604	Chinese tiger
n02129604	Daniel Striped Tiger
n02129604	giant tiger
n02129604	Golden Tiger
n02129604	great tiger
n02129604	Indian tiger
n02129604	living with tiger
n02129604	man-eating tiger
n02129604	OS X Tiger
n02129604	save the tiger
n02129604	Siberian tiger
n02129604	sons of the Tiger
n02129604	Striped Tiger
n02129604	sumatran tiger
n02129604	Tiger Cat
n02129604	tiger claw
n02129604	tiger conservation
n02129604	tiger crawl
n02129604	tiger cub
n02129604	tiger cubs
n02129604	Tiger helicopter
n02129604	Tiger Man
n02129604	tiger project
n02129604	tiger reserve
n02129604	tiger reserves
n02129604	Tiger Scout
n02129604	tiger stripes
n02129604	Tiger style
n02129604	tiger trail
n02129604	tiger trap
n02129604	Water Tiger
n02129604	white tiger
n02129604	Year of the Tiger
n02129604	Young tiger
n02130308	American cheetah
n02130308	Cheetah Mk8
n02130308	Cheetah racing cars
n02130308	Chester Cheetah
n02130308	Hunter the Cheetah
n02130308	North American cheetah
n02130308	Saharan cheetah
n02132136	American brown bear
n02132136	Eurasian brown bear
n02132136	European brown bear
n02132136	Hokkaido Brown Bear
n02132136	Hokkaidō Brown Bear
n02133161	Ursus americanus floridanus
n02134084	Coney Island Polar Bear Club
n02134084	polar bear attack
n02134084	Polar Bear Club
n02134084	polar bear cub
n02134084	polar bear habitat
n02134084	polar bear hunting
n02134084	polar bear liver
n02134084	Polar Bear Plunge
n02134084	polar bear population
n02134084	polar bear populations
n02134418	Indian Sloth bear
n02137549	Black Mongoose
n02137549	common mongoose
n02137549	Egyptian mongoose
n02137549	Narrow-striped mongoose
n02137549	snake and mongoose
n02137549	talking mongoose
n02137549	water mongoose
n02138441	Genus Suricata
n02138441	Maverick Meerkat
n02138441	Slender-tailed meerkat
n02165105	puritan tiger beetle
n02165105	six-spotted tiger beetle
n02165456	22-spot ladybird
n02165456	family Coccinellidae
n02165456	Ladybird books
n02165456	Lady Bird Johnson
n02165456	Spotted lady beetle
n02167151	list of the ground beetle
n02168699	family Cerambycidae
n02172182	African dung beetle
n02172182	flightless dung beetle
n02172182	true dung beetle
n02177972	acorn weevil
n02177972	broad-nosed weevil
n02177972	fungus weevil
n02177972	Granary weevil
n02177972	list of the weevil
n02177972	primitive weevil
n02177972	seed weevil
n02177972	spaghetti weevil
n02177972	true weevil
n02177972	vine weevil
n02190166	biting flies
n02190166	biting fly
n02190166	black flies
n02190166	black fly
n02190166	catching flies
n02190166	fly mask
n02190166	fruit flies
n02190166	Giant Fly
n02190166	humanoid fly
n02190166	long-legged flies
n02190166	picture-winged fly
n02190166	Shoo Fly
n02190166	spear-winged flies
n02190166	stalk-eyed flies
n02190166	true flies
n02190166	yellow fly
n02206856	African bees
n02206856	Africanized bee
n02206856	Australian native bee
n02206856	bee colonies
n02206856	bee dance
n02206856	bee sting
n02206856	bee stings
n02206856	bee tree
n02206856	bee venom
n02206856	Bee Woman
n02206856	black bee
n02206856	Busy bee
n02206856	fear of bees
n02206856	giant bee
n02206856	honey bee
n02206856	Honey Bees
n02206856	plasterer bee
n02206856	red bee
n02206856	stingless bee
n02206856	stung by a bee
n02206856	trained bee
n02206856	wild bees
n02206856	worker bee
n02219486	ant colonies
n02219486	ant colony
n02219486	ant hills
n02219486	ant nest
n02219486	ant nests
n02219486	Ant Stings
n02219486	Apache Ant
n02219486	Black Ant
n02219486	bulldog ant
n02219486	carpenter ant
n02219486	covered with ants
n02219486	desert ant
n02219486	family Formicidae
n02219486	fear of ants
n02219486	fire ant
n02219486	Fire ants
n02219486	flying ant
n02219486	Formicidae subfamily
n02219486	Garden Ant
n02219486	harvester ant
n02219486	honey Ant
n02219486	pavement ant
n02219486	Queen Ant
n02219486	red ant
n02219486	wood ant
n02226429	Grasshopper Zürich
n02226429	short-horned grasshopper
n02229544	bell cricket
n02229544	family Gryllidae
n02229544	House cricket
n02229544	Tree Cricket
n02229544	true crickets
n02231487	common walking stick
n02233338	giant burrowing cockroach
n02233338	giant cockroach
n02233338	hissing cockroach
n02233338	tropical cockroach
n02233338	wood cockroach
n02236044	African praying mantis
n02236044	Genus Mantis
n02236044	giant Asian mantis
n02236044	giant Mantis
n02236044	Mediterranean mantis
n02236044	praying mantis
n02256656	17-year cicada
n02256656	annual cicada
n02256656	decim periodical cicadas
n02256656	family Cicadidae
n02256656	genus Cicada
n02256656	periodical cicada
n02256656	periodical cicadas
n02256656	seventeen-year cicada
n02259212	family Cicadellidae
n02268443	emperor dragonfly
n02268443	giant dragonfly
n02268443	list of dragonflies
n02268443	Sparx the Dragonfly
n02268853	Emerald Damselfly
n02268853	suborder Zygoptera
n02268853	variable damselfly
n02279972	Monarch butterflies
n02279972	Monarch butterfly
n02279972	Monarch Butterfly Biosphere Reserve
n02279972	monarch butterfly migration
n02281406	Colias eurydice
n02281787	lycaenid butterflies
n02317335	Blue starfish
n02317335	common starfish
n02317335	crown-of-thorns starfish
n02317335	seven armed starfish
n02319095	Chilean sea urchin
n02319095	purple sea urchin
n02321529	brown sea cucumber
n02321529	Donkey Dung sea cucumber
n02321529	dried sea cucumber
n02325366	cottontail hunting
n02325366	cottontail rabbit
n02325366	Cottontail Rabbits
n02325366	eastern cottontail
n02326432	black-naped hare
n02326432	Black naped Hare
n02326432	blue hare
n02326432	Brown Hare
n02326432	hare field
n02326432	March hare
n02326432	mountain hare
n02326432	rabbits and hares
n02326432	spring hare
n02326432	white hare
n02326432	young hare
n02342885	common hamster
n02342885	Eurasian hamster
n02342885	golden hamster
n02342885	Rick the Hamster
n02346627	common porcupine
n02346627	crested porcupine
n02346627	Indian porcupine
n02346627	New world porcupine
n02346627	North American porcupine
n02346627	porcupine grass
n02356798	Cypress Fox Squirrel
n02356798	eastern fox squirrel
n02361337	Himalayan marmot
n02361337	Marmot Day
n02361337	marmot pass
n02361337	Vancouver Island marmot
n02361337	yellow-bellied marmot
n02363005	American beaver
n02363005	beaver building
n02363005	beaver dam
n02363005	beaver dams
n02363005	beaver fur
n02363005	beaver hats
n02363005	Beaver Indians
n02363005	Beaver Meadow
n02363005	beaver pond
n02363005	beaver tail
n02363005	beaver tails
n02363005	Beaver Tribe
n02363005	black beaver
n02363005	castor plant
n02363005	giant beaver
n02363005	giant beavers
n02363005	Mrs Beaver
n02363005	North American beaver
n02363005	sea beaver
n02363005	silver beaver
n02363005	space beaver
n02364673	human guinea pig
n02364673	human guinea pigs
n02391049	green zebra
n02391049	Hagerman zebra
n02391049	Marty the Zebra
n02391049	mountain zebra
n02391049	Plains zebra
n02391049	Zebra Books
n02391049	Zebra striped
n02391049	zebra stripes
n02395406	black pig
n02395406	blue pig
n02395406	bronze pig
n02395406	chauvinist pig
n02395406	domestic pig
n02395406	domestic pigs
n02395406	fat pig
n02395406	feral hogs
n02395406	feral pig
n02395406	flying pig
n02395406	green pig
n02395406	Guinea Hog
n02395406	Hog Island
n02395406	Percy Pigs
n02395406	Peter Pig
n02395406	pet pig
n02395406	pig blood
n02395406	pig breed
n02395406	pig breeds
n02395406	pig farm
n02395406	pig farming
n02395406	pig hunt
n02395406	Pig Man
n02395406	Pig Meat
n02395406	Pig Newton
n02395406	pig pen
n02395406	pink pig
n02395406	plastic pig
n02395406	roasted pig
n02395406	slaughter of pigs
n02395406	suckling pig
n02395406	wild hog
n02395406	wild hogs
n02395406	wild pig
n02395406	wild pigs
n02396427	boar bristle
n02396427	boar hunting
n02396427	running boar
n02396427	white boar
n02396427	wild boar
n02396427	wild boars
n02397096	giant warthog
n02398521	blue hippo
n02398521	Genus Hippopotamus
n02398521	Gloria the Hippo
n02398521	hippopotamus hunt
n02403003	blue ox
n02403003	ox bile
n02403003	ox blood
n02403003	ox horns
n02403003	ox tail
n02403003	slaughtered ox
n02403003	White ox
n02403003	wild ox
n02408429	wild Water Buffalo
n02410509	American Bison
n02410509	ancient bison
n02410509	Bison bison
n02410509	bison hunt
n02410509	bison hunting
n02410509	flying bison
n02410509	Genus Bison
n02410509	giant bison
n02410509	Sturmpanzer I Bison
n02412080	computer RAM memory
n02412080	RAM chip
n02415577	American bighorn sheep
n02415577	California bighorn sheep
n02415577	desert bighorn sheep
n02415577	Rocky Mountain Bighorn Sheep
n02417914	ibex mountain
n02417914	Intrepid Ibex
n02417914	Operation Steinbock
n02422106	red hartebeest
n02422106	western hartebeest
n02422699	black-faced impala
n02422699	genus Aepyceros
n02422699	Impala SS
n02423022	Gazelle helicopter
n02423022	Gazelle helicopters
n02423022	genus Gazella
n02423022	Indian gazelle
n02423022	Persian gazelle
n02423022	slender-horned gazelle
n02437312	dromedary camel
n02437616	domestic llama
n02437616	llama llama
n02437616	llama wool
n02437616	North American llama
n02441942	pull of the weasel
n02441942	weasel family
n02442845	American mink
n02442845	mink coat
n02442845	mink farm
n02442845	mink fur
n02442845	mink stole
n02443484	Daimler Ferret
n02443484	Ferret armored car
n02443484	Ferret records
n02443484	Ferret scout car
n02443484	Freddy the ferret
n02444819	clawless otter
n02444819	Emmet Otter
n02444819	European otter
n02444819	giant otter
n02444819	HMS Otter
n02444819	river otters
n02444819	sea otter
n02444819	single otter
n02444819	smooth-coated otter
n02444819	Subfamily Lutrinae
n02445715	dead skunk
n02445715	pet skunk
n02445715	Racquet the Skunk
n02445715	skunk oil
n02445715	striped skunk
n02447366	American badger
n02447366	badger cull
n02447366	Badger culling
n02447366	Billy the Bionic Badger
n02447366	Bucky Badger
n02447366	hunting badger
n02454379	armadillo ant
n02454379	armored armadillo
n02454379	family Dasypodidae
n02454379	giant armadillo
n02454379	three-banded armadillo
n02480495	Bornean orangutan
n02480495	Bornean orang-utan
n02480495	Sumatran orangutan
n02480855	600 pound gorilla
n02480855	albino gorilla
n02480855	baby gorilla
n02480855	Genus Gorilla
n02480855	gorilla costume
n02480855	Gorilla gorilla
n02480855	gorilla project
n02480855	gorilla suit
n02480855	Gorr the Golden Gorilla
n02480855	lowland gorilla
n02480855	mountain gorilla
n02480855	Phoenix Suns Gorilla
n02480855	pink Gorilla
n02480855	pound gorilla
n02480855	Vanilla Gorilla
n02480855	western lowland gorilla
n02480855	white gorilla
n02481823	chimpanzee genome
n02481823	chimpanzee genome project
n02481823	common chimpanzee
n02481823	Common chimpanzees
n02481823	eastern chimpanzee
n02481823	genus Pan
n02481823	pygmy chimpanzee
n02481823	West African chimpanzee
n02481823	western chimpanzee
n02483362	crested gibbon
n02483362	Genus Hylobates
n02483362	siamang gibbon
n02483708	Genus Symphalangus
n02486261	Genus Erythrocebus
n02486410	baboon heart
n02486410	Genus Papio
n02486410	olive baboon
n02486410	savanna baboon
n02487347	Genus Macaca
n02487347	Japanese macaque
n02487347	lion-tailed macaque
n02487347	long-tailed Macaque
n02487347	rhesus macaques
n02487347	stump-tailed macaque
n02487347	Toque macaque
n02488291	Cat Ba langur
n02488291	colobine monkey
n02488291	colobine monkeys
n02488291	common langur
n02488291	Hanuman langur
n02488291	langur monkey
n02488291	Nilgiri langur
n02488291	white-headed langur
n02488702	black and white colobus
n02488702	colobus monkey
n02488702	colobus monkeys
n02488702	Genus Colobus
n02488702	red Colobus
n02492035	Brown Capuchin monkey
n02492035	Capuchin Fathers
n02492035	Capuchin friar
n02492035	Capuchin friars
n02492035	Capuchin monks
n02492035	Capuchin order
n02492035	Capuchin religious order
n02492035	Friars Minor Capuchin
n02492660	black howler monkey
n02493509	Genus Callicebus
n02493509	titi monkey
n02494079	Central American Squirrel Monkey
n02494079	South American squirrel monkey
n02497673	Genus Lemur
n02500267	Genus Indri
n02500267	Indri Indri
n02504013	Asian elephants
n02504458	African elephants
n02509815	Firefox browser
n02509815	Firefox Minefield
n02509815	Firefox web browser
n02509815	like the red panda
n02509815	Mozilla Firefox
n02509815	Spread Firefox
n02510455	Giant Panda habitat
n02510455	Panda Antivirus
n02510455	Purple Panda
n02510455	sad panda
n02510455	Sexual Harassment Panda
n02526121	anguilliform locomotion
n02526121	deep sea eel
n02526121	eating eel
n02526121	Eel River
n02526121	eel trap
n02526121	electric eel
n02526121	Electric Eel
n02526121	freshwater eel
n02526121	jellied eels
n02526121	saltwater eel
n02526121	silver eel
n02526121	spiny eel
n02526121	thin eel
n02536864	coho salmon
n02607072	Common Clownfish
n02607072	genus Amphiprion
n02640242	European sea sturgeon
n02640242	Family Acipenseridae
n02640242	giant sturgeon
n02640242	great sturgeon
n02640242	lake sturgeon
n02640242	Sturgeon Creek
n02640242	sturgeon falls
n02640242	White sturgeon
n02643566	genus Pterois
n02655020	Blowfish cipher
n02655020	Blowfish encryption algorithm
n02655020	family Tetraodontidae
n02666196	Chinese abacus
n02669723	academic dress in the United Kingdom
n02669723	academic dress of Chulalongkorn University
n02672831	accordion player
n02672831	button accordion
n02672831	classical accordion
n02672831	diatonic accordion
n02672831	diatonic button accordion
n02672831	free-bass accordion
n02672831	piano accordion
n02676566	12-string acoustic guitar
n02676566	Acoustic Guitar magazine
n02676566	acoustic guitars
n02676566	steel-string acoustic guitar
n02687172	airborne aircraft carrier
n02687172	aircraft carrier battlegroup
n02687172	aircraft carrier Battle Group
n02687172	aircraft carrier Minas Gerais
n02687172	aircraft carrier operations
n02687172	American aircraft carriers
n02687172	antisubmarine aircraft carrier
n02687172	carrierborne aircraft
n02687172	Chinese aircraft carrier
n02687172	escort aircraft carrier
n02687172	escort aircraft carriers
n02687172	fleet aircraft carriers
n02687172	flying aircraft carrier
n02687172	Future Aircraft carrier
n02687172	German aircraft carrier
n02687172	indigenous aircraft carrier
n02687172	Japanese aircraft carrier
n02687172	Japanese aircraft carrier Hiryū
n02687172	Kuznetsov class aircraft carrier
n02687172	light aircraft carrier
n02687172	list of aircraft carriers
n02687172	Midway class aircraft carrier
n02687172	nuclear-powered aircraft carrier
n02687172	Soviet aircraft carrier
n02687172	unsinkable aircraft carrier
n02690373	airliner crashes
n02690373	commercial airliner
n02690373	jet airliner
n02690373	jet airliners
n02690373	passenger airliner
n02690373	regional airliner
n02692877	airship hangars
n02692877	airship technologies
n02692877	high-altitude airship
n02692877	hot air airship
n02692877	non-rigid airship
n02692877	rigid airship
n02692877	semi-rigid airship
n02692877	SS class airship
n02701002	air ambulance
n02701002	Air Ambulance Service
n02701002	ambulance attendant
n02701002	ambulance car
n02701002	Ambulance Care Assistant
n02701002	ambulance corps
n02701002	ambulance driver
n02701002	ambulance helicopter
n02701002	ambulance officers
n02701002	ambulance service
n02701002	ambulance squad
n02701002	ambulance station
n02701002	Australian Capital Territory Ambulance service
n02701002	emergency ambulance service
n02701002	Field Ambulance
n02701002	Helicopter Ambulance
n02701002	history of the ambulance
n02701002	London ambulance service
n02701002	Queensland Ambulance
n02701002	Queensland Ambulance Service
n02701002	voluntary ambulance
n02701002	water ambulance
n02704792	amphibian aircraft
n02704792	Amphibious craft
n02704792	amphibious tank
n02704792	new amphibious vehicle
n02730930	leather apron
n02747177	dustbin lid
n02747177	dustbin lids
n02749479	ban on assault rifles
n02749479	G3 assault rifle
n02749479	K2 assault rifle
n02749479	Kalashnikov assault rifle
n02749479	underwater assault rifle
n02749479	VHS assault rifle
n02769748	knapsack problem
n02776631	Chinese bakery
n02776631	dog bakery
n02776631	old bakery
n02782093	air balloon
n02782093	air balloons
n02782093	Balloon Fighter
n02782093	balloon monster
n02782093	Balloon Route
n02782093	balloon school
n02782093	gas balloon
n02782093	high-altitude balloon
n02782093	hot air balloon
n02782093	hot-air balloon
n02782093	hot air balloons
n02782093	observation balloon
n02782093	red balloon
n02782093	rubber balloon
n02782093	stratospheric balloon
n02782093	tethered balloon
n02782093	three balloons
n02782093	toy balloon
n02782093	white balloon
n02782093	word balloon
n02782093	yellow balloon
n02783161	ball point pen
n02783161	ballpoint pen drawing
n02783161	ballpoint pens
n02787622	4-string banjo
n02787622	banjo and violin
n02787622	banjo Joe
n02787622	banjo music
n02787622	Banjo Newsletter
n02787622	banjo on my knee
n02787622	banjo roll
n02787622	bass banjo
n02787622	cigar box banjo
n02787622	four-string banjo
n02787622	six-string banjo
n02790996	curved barbell
n02793495	barn conversion
n02793495	barn door
n02793495	converted barn
n02793495	dairy barn
n02793495	Dutch barn
n02793495	Great Barn
n02793495	historic barn
n02793495	horse barn
n02793495	log barn
n02793495	long barn
n02793495	old barn
n02793495	rice barn
n02793495	Tobacco Barn
n02794156	aneroid barometer
n02794156	barometric pressure
n02794156	mercury barometer
n02795169	barrel per day
n02795169	beer barrel
n02795169	cask ale
n02795169	oak barrel
n02795169	single cask
n02797295	wheelbarrow race
n02804610	French bassoon
n02808440	walk-in bathtub
n02808440	washtub bass
n02814533	Kombi van
n02814533	Volvo 850 Estate
n02814860	Æðarstein lighthouse
n02814860	beacon hill
n02814860	beacon towers
n02814860	Bell Rock lighthouse
n02814860	black lighthouse
n02814860	Canadian lighthouses
n02814860	Cape Otway Lighthouse
n02814860	Cape Wrath lighthouse
n02814860	Danger Point lighthouse
n02814860	day beacon
n02814860	Harlingen lighthouse
n02814860	Inubōsaki lighthouse
n02814860	Irish Lighthouse Authority
n02814860	Japanese lighthouse
n02814860	Kincardine lighthouse
n02814860	land lighthouse
n02814860	Lighthouse District
n02814860	lighthouse island
n02814860	lighthouse keeper
n02814860	lighthouse on the shore
n02814860	Lighthouse Service
n02814860	lighthouse tender
n02814860	lighthouse tower
n02814860	list of lighthouses
n02814860	Longships Lighthouse
n02814860	Lynmouth Foreland Lighthouse
n02814860	Maatsuyker Island Lighthouse
n02814860	Maracaibo Beacon
n02814860	Märket lighthouse
n02814860	North Point lighthouse
n02814860	offshore lighthouse
n02814860	Roman lighthouse
n02814860	rotating beacon
n02814860	Sankaty Head lighthouse
n02814860	Scurdie Ness Lighthouse
n02814860	South Stack Lighthouse
n02814860	Start Point lighthouse
n02814860	Staten Island lighthouse
n02814860	tallest lighthouse
n02814860	tall lighthouse
n02814860	trigonometrical beacon
n02814860	United States Lighthouse Service
n02814860	Westerheversand Lighthouse
n02817516	bearskin cap
n02817516	bearskin hat
n02817516	envelope busby
n02835271	tandem seating
n02841315	prism binoculars
n02860847	bobsled roller coaster
n02860847	Bobsleigh World Cup
n02860847	Bo-Dyn Bobsled
n02860847	International Bobsleigh and Tobogganing Federation
n02869837	blue bonnet
n02869837	pink bonnet
n02869837	Scotch bonnet
n02869837	Tudor bonnet
n02871525	bookseller and publisher
n02871525	college bookstore
n02871525	independent bookstore
n02871525	list of booksellers
n02871525	list of bookstore chains
n02871525	online bookstore
n02871525	second-hand bookshop
n02871525	used bookstore
n02877765	soda bottle cap
n02879718	bow shape
n02879718	flat bow
n02892767	bra cup
n02892767	car bra
n02892767	padded bra
n02892767	strapless bra
n02894605	breakwater island
n02894605	Delaware Breakwater
n02894605	Galveston seawall
n02894605	long jetty
n02894605	Phoenix breakwater
n02894605	south jetty
n02895154	Aegis destroyer
n02895154	Aegis weapons system
n02895154	Aegis Weapon System
n02906734	broom handle
n02906734	flying broom
n02910353	belt buckle
n02910353	shoe buckle
n02910353	Thorsberg chape
n02930766	cab driver
n02930766	Hong Kong taxi
n02930766	Joe Le Taxi
n02930766	London cabbie
n02930766	London taxi
n02930766	shared taxi
n02930766	taxicab driver
n02930766	Taxicabs in New York
n02930766	Taxicabs in New York City
n02930766	taxi driver
n02930766	taxi rank
n02930766	taxi ride
n02930766	Taxi stand
n02930766	Taxi station
n02930766	water taxi
n02930766	yellow taxicab
n02939185	black cauldron
n02939185	magic cauldron
n02948072	candle flame
n02948072	candle holder
n02948072	candle light
n02948072	candle lighting
n02948072	candle making
n02948072	Chinese candle
n02948072	electric candle
n02948072	four candles
n02948072	light a candle
n02948072	light the candle
n02948072	unity candle
n02950826	150mm cannon
n02950826	20 mm cannon
n02950826	artillery cannon
n02950826	automatic cannon
n02950826	British cannon
n02950826	cannon ball
n02950826	cannon balls
n02950826	cannon fire
n02950826	Cannon operation
n02950826	cannon salute
n02950826	English cannon
n02950826	hand cannon
n02950826	Hispano 20 mm cannon
n02950826	medieval cannon
n02950826	naval cannon
n02950826	new cannon
n02950826	Ottoman cannon
n02950826	siege cannon
n02950826	sonic cannon
n02950826	swivel cannon
n02950826	twelve-pound cannon
n02951358	birchbark canoe
n02951358	Canadian canoe
n02951358	canoe Birch
n02951358	canoe race
n02951358	canoe river
n02951358	Canoe Slalom
n02951358	canoe trail
n02951358	dug-out canoe
n02951358	dugout canoe
n02951358	log canoe
n02951358	outrigger canoe
n02951358	sailing canoe
n02951358	war canoe
n02951358	whitewater canoe
n02951358	wooden canoe
n02963159	earls of Cardigan
n02966193	antique carousel
n02966193	Columbia Carousel
n02966193	Flying Horse Carousel
n02966193	Grand Carousel
n02966193	Lighthouse Point Carousel
n02966193	Looff carousel
n02966193	Menagerie carousel
n02966193	steam carousel
n02971356	folding carton
n02971356	milk carton
n02977058	ATM card
n02977058	ATM fee
n02977058	ATM fees
n02977058	Bitcoin ATM
n02978881	ATP-binding cassette
n02980441	Ashtown castle
n02980441	Barry Castle
n02980441	black castle
n02980441	Brecon Castle
n02980441	Carlyle Castle
n02980441	castle building
n02980441	Castle class
n02980441	Castle in Będzin
n02980441	castle in Switzerland
n02980441	castle mound
n02980441	Castle of Castellar
n02980441	castle of Saint George
n02980441	castle of the Counts
n02980441	Castle on the hill
n02980441	Castle plan
n02980441	castle point
n02980441	Castle Ravenloft
n02980441	Castle Saalhof
n02980441	castle sites
n02980441	castle town
n02980441	castle walls
n02980441	City Castle
n02980441	Clyne Castle
n02980441	dark castle
n02980441	Durham Castle
n02980441	German castle
n02980441	greystone castle
n02980441	haunted castle
n02980441	Hluboká Castle
n02980441	Hunedoara castle
n02980441	imperial castle
n02980441	island castle
n02980441	Kanazawa castle
n02980441	Kolossi Castle
n02980441	Kunštát castle
n02980441	Landskron Castle
n02980441	list of castle
n02980441	list of castles
n02980441	lowland castle
n02980441	main castle
n02980441	moated castle
n02980441	Nassau castle
n02980441	new castle
n02980441	Nightmare Castle
n02980441	Northampton castle
n02980441	old castle
n02980441	Prudhoe Castle
n02980441	Ridge castle
n02980441	rock castle
n02980441	royal castle
n02980441	ruined castle
n02980441	Scottish castles
n02980441	seven castles
n02980441	Sonnenberg Castle
n02980441	starter castle
n02980441	stone castle
n02980441	tower castle
n02980441	Trsat castle
n02980441	white castle
n02981792	Paper Tiger catamaran
n02988304	portable CD player
n02992211	Baroque cello
n02992211	cello concerto
n02992211	Cello Sonata
n02992211	cello suites
n02992211	cello Symphony
n02992211	cello technique
n02992211	electric cello
n02992211	jazz cello
n02992211	playing the cello
n02992211	two cellos
n02992529	analog mobile phone
n02992529	cell of origin
n02992529	cellphone camera
n02992529	cell phone companies
n02992529	cell phone company
n02992529	cell phone games
n02992529	cell phone network
n02992529	cell phone novel
n02992529	cell phone provider
n02992529	cell phone providers
n02992529	cell phone reception
n02992529	cell phone signal
n02992529	cell phone towers
n02992529	cellular communication system
n02992529	cellular telephone technology
n02992529	dual SIM mobile phone
n02992529	largest mobile phone companies
n02992529	list of Mobile phone standards
n02992529	mobile games
n02992529	mobile phone app
n02992529	mobile phone base station
n02992529	mobile phone camera
n02992529	mobile phone communication
n02992529	mobile phone companies
n02992529	mobile phone company
n02992529	mobile phone content
n02992529	mobile phone features
n02992529	mobile phone game
n02992529	mobile phone games
n02992529	mobile phone mast
n02992529	mobile phone network
n02992529	mobile phone operator
n02992529	mobile phone operators
n02992529	Mobile phone penetration rate
n02992529	mobile phone reception
n02992529	mobile phone signal
n02992529	mobile telecommunications company
n02992529	mobile telephone network
n02992529	mobile telephone networks
n02992529	mobile telephone service
n02992529	mobile telephone system
n02992529	prepaid mobile phone
n02992529	Red Mobile
n02992529	Sony Ericsson Mobile Phones
n03000134	chain link fencing
n03000247	banded mail
n03000247	chain mail armor
n03000247	coat of mail
n03000247	mail armor
n03028079	African church
n03028079	Anglican church of St. James
n03028079	Assumption church
n03028079	Baptist church
n03028079	black church
n03028079	black churches
n03028079	Brethren church
n03028079	Carmo Church
n03028079	castle church
n03028079	Catholic church in Poland
n03028079	cave church
n03028079	Church bell
n03028079	church hall
n03028079	church house
n03028079	church in Malta
n03028079	church of All Souls
n03028079	church of Donaufeld
n03028079	Church of Ichuac
n03028079	church of Mary Magdalene
n03028079	Church of Nercón
n03028079	church of Notre Dame
n03028079	church of Our Lady
n03028079	church of Saint Cuthbert
n03028079	church of Saint James
n03028079	church of saint Stephen
n03028079	church of San Antonio
n03028079	church of Santa Barbara
n03028079	church of Santiago
n03028079	church of Santiago Apóstol
n03028079	church of St. Aidan
n03028079	church of St. James
n03028079	church of St. John the Baptist
n03028079	church of St Martin
n03028079	Church of St. Mary
n03028079	Church of St. Mary Magdalene
n03028079	church of St. Paul
n03028079	Church of St. Peter
n03028079	church of St. Petka
n03028079	church of St Saviour
n03028079	Church of Tenaún
n03028079	church of The Assumption
n03028079	church of the Nativity
n03028079	church on the hill
n03028079	church planting
n03028079	church run
n03028079	church service
n03028079	church services
n03028079	church St. George
n03028079	Church street
n03028079	church tower
n03028079	church windows
n03028079	church yard
n03028079	English church
n03028079	Evangelical church
n03028079	Evangelical churches
n03028079	fortified church
n03028079	hall church
n03028079	Harvard Memorial Church
n03028079	historic church
n03028079	history of the church
n03028079	Holy Trinity church
n03028079	home church
n03028079	independent church
n03028079	Jesuit Church
n03028079	list of churches
n03028079	list of orthodox churches
n03028079	local church
n03028079	local churches
n03028079	lower church
n03028079	Marthoma church
n03028079	Memorial Church
n03028079	Michael church
n03028079	million church
n03028079	modern church
n03028079	monumental church
n03028079	mother church
n03028079	new church
n03028079	Norwegian churches
n03028079	old church
n03028079	Palace Church
n03028079	Portuguese church
n03028079	Santa Maria Church
n03028079	Scottish Episcopal Church
n03028079	seven churches
n03028079	stone church
n03028079	tallest church
n03028079	Temple church
n03028079	Trinity church
n03028079	Tron church
n03028079	Unitarian church
n03028079	Wesley Church
n03028079	wooden church
n03028079	wooden churches
n03032252	art cinema
n03032252	British cinema
n03032252	Cambodian cinema
n03032252	Cameo Cinema
n03032252	Canadian cinema
n03032252	Castle Cinema
n03032252	cinema company
n03032252	cinema in Poland
n03032252	Cinema theater
n03032252	Danish cinema
n03032252	early cinema
n03032252	free cinema
n03032252	Hoyts Cinema
n03032252	multi-screen cinema
n03032252	new cinema
n03032252	original cinema
n03032252	outdoor cinema
n03032252	Regal Cinema
n03032252	Rialto cinema
n03032252	Roxy cinema
n03032252	Sathyam Cinemas
n03032252	screen cinema
n03032252	screen cinemas
n03032252	twin cinema
n03032252	Village Cinema
n03041632	meat cleaver
n03041632	pole cleaver
n03065424	body whorl
n03085013	British keyboard
n03085013	numerical keypad
n03085013	numeric keypad
n03089624	confectionery shop
n03089624	confectionery store
n03089624	Korean traditional confectionery
n03089624	sugar confectionery
n03100240	coach convertible
n03100240	coupe convertible
n03100240	Coupé convertible
n03100240	drop-head coupe
n03100240	drophead coupe
n03110669	Bach trumpet
n03110669	Contrabass trumpet
n03110669	distant trumpet
n03110669	keyed trumpet
n03110669	lead trumpet
n03110669	muted trumpet
n03110669	natural trumpet
n03110669	piccolo trumpet
n03110669	Pocket Trumpet
n03110669	slide trumpet
n03110669	trumpet and strings
n03110669	Trumpet Concerto
n03110669	trumpet player
n03110669	trumpet repertoire
n03110669	trumpet section
n03110669	wooden trumpet
n03126707	bridge cranes
n03126707	bulk-handling crane
n03126707	container crane
n03126707	crane company
n03126707	crane operator
n03126707	floating crane
n03126707	flying crane
n03126707	gantry cranes
n03126707	Mobile crane
n03126707	mobile cranes
n03126707	overhead bridge cranes
n03126707	overhead crane
n03126707	steam crane
n03126707	tower crane
n03127925	orange crate
n03160309	Alvin R. Bush Dam
n03160309	arch dam
n03160309	Bhumibol Dam
n03160309	Changuinola Dam
n03160309	Coffer dam
n03160309	Conklingville Dam
n03160309	Dam Dam
n03160309	dam failure
n03160309	dams in Germany
n03160309	dams in the Harz
n03160309	Dam square
n03160309	debris dam
n03160309	diversion dam
n03160309	earth dam
n03160309	earthen dam
n03160309	earth-fill dam
n03160309	earthfill dam
n03160309	earth-filled dam
n03160309	Eder dam
n03160309	embankment dam
n03160309	Falls Dam
n03160309	Gebidem dam
n03160309	Grand Anicut
n03160309	gravity-arch dam
n03160309	gravity dam
n03160309	high dam
n03160309	High Rock dam
n03160309	Human dam
n03160309	largest dam
n03160309	largest dams
n03160309	Lewiston Dam
n03160309	list of dams
n03160309	main dyke
n03160309	old dam
n03160309	power dam
n03160309	relief dam
n03160309	rockfill dam
n03160309	Roller dam
n03160309	Roman dam
n03160309	sea dike
n03160309	Seč dam
n03160309	Steinaker Dam
n03160309	Subiaco dams
n03160309	ten dam
n03160309	T. Howard Duckett Dam
n03160309	Urra Dam
n03160309	Yeywa Dam
n03179701	armoire desk
n03179701	desk accessories
n03179701	fall front desk
n03179701	lectern desk
n03179701	portable desk
n03179701	school desk
n03179701	secretary desk
n03179701	slant top desk
n03179701	trestle desk
n03179701	Wooton desk
n03179701	writing desk
n03180011	desktop computers
n03180011	desktop computing
n03187595	rotary dial
n03187595	rotary dial phone
n03187595	rotary dial telephone
n03187595	rotary phone
n03187595	rotary telephone
n03188531	adult diaper
n03188531	baby diapers
n03188531	cloth diaper
n03188531	cloth diapers
n03188531	diaper bag
n03188531	diaper fetish
n03188531	dirty diaper
n03188531	disposable diapers
n03188531	nappy pin
n03188531	paper napkin
n03207941	automatic dishwasher
n03207941	drawer dishwasher
n03208938	hydraulic disc brakes
n03208938	rear disc brakes
n03216828	docking facility
n03216828	floating dock
n03216828	Methil Docks
n03216828	new dock
n03216828	old dock
n03216828	ore dock
n03216828	Prince of Wales dock
n03216828	Warrington Dock
n03216828	West Bank Dock
n03220513	blue dome
n03220513	capitol dome
n03220513	concrete dome
n03220513	dome arena
n03220513	dome tower
n03220513	gold dome
n03220513	golden dome
n03220513	golden domes
n03220513	green dome
n03220513	high dome
n03220513	lava domes
n03220513	spherical dome
n03220513	structural dome
n03249569	55-gallon drum
n03249569	African drum
n03249569	box drum
n03249569	different drum
n03249569	drum and bass
n03249569	drum beat
n03249569	drum break
n03249569	drum Buddy
n03249569	drum circles
n03249569	Drum Corps
n03249569	drum dance
n03249569	drum group
n03249569	drum hardware
n03249569	drum head
n03249569	drum kit
n03249569	drum machine
n03249569	Drum magazine
n03249569	DRUM magazine
n03249569	drum parts
n03249569	drum pattern
n03249569	Drum Pedals
n03249569	drum player
n03249569	drum set
n03249569	drum solo
n03249569	drum tracks
n03249569	electronic drum
n03249569	field drum
n03249569	frame drum
n03249569	garifuna drum
n03249569	guitar and drum
n03249569	hand drum
n03249569	Japanese drum
n03249569	kick drum
n03249569	Korean drum
n03249569	like a drum
n03249569	Long drum
n03249569	magic drum
n03249569	Military drum
n03249569	polypropylene drum
n03249569	revolving drum
n03249569	rotating drum
n03249569	steel drums
n03249569	water drum
n03272010	electric guitar design
n03272010	hollowbody electric guitar
n03272562	battery-electric locomotive
n03272562	high speed electric locomotive
n03345487	Fire Engine Red
n03372029	alto flute
n03372029	bamboo flute
n03372029	bass flute
n03372029	Carnatic flute
n03372029	Chinese flute
n03372029	end-blown flute
n03372029	flute concerto
n03372029	flute family
n03372029	flute music
n03372029	flute player
n03372029	flute players
n03372029	flute playing
n03372029	flute quartet
n03372029	German flute
n03372029	Indian flute
n03372029	jazz flute
n03372029	magic flute
n03372029	orchestral flute
n03372029	prehistoric flute
n03372029	ring flute
n03372029	Sonatine for flute and piano
n03372029	vessel flute
n03384352	fork lift truck
n03384352	forklift truck
n03384352	forklift trucks
n03384352	fuel cell forklift
n03388043	City of Fountains
n03388043	drinking fountain
n03388043	fountain effect
n03388043	fountain gardens
n03388043	Fountain Geyser
n03388043	Fountains in Moscow
n03388043	Musical fountain
n03388043	Three fountains
n03388043	water fountain
n03388043	water fountains
n03388043	white fountain
n03388183	fountain pen ink
n03388549	Four poster bed
n03394916	French horns
n03394916	Horn Concerto
n03394916	horn player
n03394916	horn section
n03394916	horns in F
n03394916	jazz French horn
n03394916	one Horn
n03394916	rounding the Horn
n03400231	electric frying pan
n03400231	iron skillet
n03417042	refuse collection vehicles
n03417042	waste collection vehicle
n03424325	M2 gas mask
n03444034	go-kart racing
n03445924	electric golf cart
n03445924	golf cart accident
n03447447	aerial gondola
n03447447	gondola car
n03447447	Gondola group
n03447447	ski gondola
n03447447	Venetian gondolas
n03447721	gong circle
n03447721	Gong circle
n03450230	evening gown
n03452741	baby grand piano
n03452741	parlor grand piano
n03452741	Steinway grand piano
n03452741	Yamaha grand piano
n03457902	greenhouse effect
n03457902	green house gas
n03457902	greenhouse gas
n03457902	greenhouse technology
n03457902	plant nursery
n03457902	solar greenhouse
n03457902	tree nursery
n03461385	Asian grocery store
n03461385	Canadian grocery store
n03461385	corner grocery store
n03461385	fresh market
n03461385	grocery chain
n03461385	grocery warehouse
n03461385	market day
n03467068	Madame Guillotine
n03467068	paper guillotine
n03481172	black hammer
n03481172	golden hammer
n03481172	hammer blow
n03481172	hammer head
n03481172	Piko Piko Hammer
n03481172	planishing hammer
n03482405	food hamper
n03485407	handheld gaming
n03485407	handheld scanner
n03485407	mobile device management
n03485407	mobile device patent wars
n03485794	pocket handkerchief
n03492542	external hard disk drive
n03492542	external hard drives
n03492542	Hard disk controller
n03492542	hard disk drive
n03492542	hard disk drives
n03492542	hard disk partition
n03492542	USB Hard disk drive
n03494278	chromatic harmonica
n03494278	harmonica Frank
n03494278	Yellow Pine Harmonica Festival
n03495258	African harp
n03495258	arched harp
n03495258	Celtic harp
n03495258	concert harp
n03495258	concerto for flute and harp
n03495258	electric harp
n03495258	French harp
n03495258	golden harp
n03495258	Harp Concerto
n03495258	Harp lager
n03495258	Irish harp
n03495258	Irish Harp
n03495258	jazz harp
n03495258	nabla operator
n03495258	orchestral harp
n03495258	Paraguayan harp
n03495258	pedal harp
n03495258	Scottish harp
n03495258	Welsh harp
n03495258	Western concert harp
n03527444	gun holster
n03527444	handgun holster
n03527444	shoulder holster
n03530642	honeycomb lattice
n03530642	regular honeycomb
n03530642	uniform honeycomb
n03544143	hourglass device
n03544143	hour-glass shape
n03544143	hourglass shape
n03584829	curling irons
n03595614	Che t-shirt
n03595614	Christian T-shirt
n03595614	concert t-shirt
n03595614	jersey number
n03595614	political t-shirt
n03595614	printed t-shirt
n03595614	road jersey
n03595614	rugby jersey
n03595614	V-neck sweater
n03595614	white T-shirt
n03599486	Auto rickshaws
n03599486	bicycle rickshaw
n03599486	cycle rickshaw
n03599486	cycle rickshaws
n03599486	rickshaw man
n03599486	rickshaw puller
n03599486	Rickshaw Sightseeing Bus
n03599486	tricycle rickshaw
n03627232	bend knot
n03627232	decorative knot
n03627232	half-hitch knot
n03627232	hitch knot
n03627232	loop knot
n03627232	ornamental knot
n03627232	reef knot
n03627232	simple knot
n03627232	sword knot
n03627232	Tarbuck knot
n03642806	laptop battery
n03642806	laptop computer
n03642806	notebook computer
n03649909	British Lawnmower Museum
n03649909	electric lawn mower
n03649909	finger-bar mower
n03649909	hover mower
n03649909	lawn mower racing
n03649909	robotic lawn mower
n03649909	rotary mower
n03649909	Sickle Bar Mower
n03649909	Victa Lawn Mower
n03662601	44-foot motor lifeboat
n03662601	Padstow lifeboat
n03662601	Walmer Lifeboat
n03666591	butane lighter
n03666591	cigarette lighter
n03666591	cigarette lighter socket
n03666591	disposable lighter
n03666591	flameless cigarette lighter
n03666591	gold lighter
n03666591	lighter fluid
n03666591	lighter fuel
n03670208	armored limousine
n03670208	black limousine
n03670208	Daimler limousine
n03670208	Presidential limousine
n03670208	stretch limo
n03670208	stretch limousine
n03670208	white limousine
n03673027	ocean liner
n03673027	transatlantic liner
n03676483	Pink lipstick
n03690938	Body Lotion
n03690938	hand lotion
n03690938	skin lotion
n03691459	4-way speakers
n03691459	active loudspeaker
n03691459	bookshelf loudspeaker
n03691459	dynamic loudspeaker
n03691459	guest speaker
n03691459	Isobaric loudspeaker
n03691459	loudspeaker cone
n03691459	loudspeaker driver
n03691459	loudspeaker enclosure
n03691459	loudspeaker system
n03691459	Magnetostatic loudspeaker
n03691459	moving coil loudspeaker
n03691459	PC Speaker
n03691459	speaker cabinet
n03691459	speaker cabinets
n03691459	speaker driver
n03691459	speaker stands
n03691459	transmission line loudspeaker
n03697007	main sawmill
n03697007	portable sawmill
n03720891	maraca player
n03721384	Marimba 2010
n03721384	Thai xylophone
n03724870	black mask
n03724870	facial mask
n03724870	full-face mask
n03724870	funerary mask
n03724870	green mask
n03724870	life mask
n03724870	masked wrestler
n03724870	masked wrestlers
n03724870	protective masks
n03724870	red mask
n03733131	Maypole dance
n03733131	maypole dancing
n03733281	crystal maze
n03733281	grass labyrinth
n03733281	labyrinth of the inner ear
n03733281	turf labyrinth
n03733281	vestibular labyrinth
n03743016	Knocknakilla megalithic complex
n03743016	Megalithic Art
n03743016	Megalithic tomb
n03759954	boom microphone
n03759954	capacitor microphone
n03759954	carbon microphone
n03759954	close miking
n03759954	Condenser microphone
n03759954	condenser microphones
n03759954	contact microphone
n03759954	directional microphone
n03759954	dual microphone
n03759954	dynamic microphone
n03759954	dynamic microphones
n03759954	integrated microphone
n03759954	lapel microphone
n03759954	lavalier microphone
n03759954	microphone array
n03759954	microphone capsule
n03759954	microphone jack
n03759954	microphone stand
n03759954	microphone techniques
n03759954	Mike Von Erich
n03759954	noise-cancelling microphone
n03759954	omnidirectional microphone
n03759954	wireless microphone
n03769881	green minibus
n03769881	Volkswagen Microbus
n03773504	air-to-air missile
n03773504	air-to-ground missile
n03773504	air-to-surface missile
n03773504	anti-radar missile
n03773504	anti-ship missile
n03773504	anti-submarine missile
n03773504	ballistic missile
n03773504	ballistic missiles
n03773504	beyond-visual-range missile
n03773504	Bomarc missile
n03773504	cruise missile
n03773504	ground-to-air missile
n03773504	guided missile
n03773504	guided missiles
n03773504	heat seeking missile
n03773504	interceptor missile
n03773504	intercontinental ballistic missiles
n03773504	King Missile
n03773504	list of missiles
n03773504	missile boats
n03773504	missile guidance
n03773504	missile launcher
n03773504	missile launchers
n03773504	missile silos
n03773504	missile weapons
n03773504	model missile
n03773504	nuclear missile
n03773504	SCUD missile
n03773504	sea-skimming missile
n03773504	Short-Range Attack Missile
n03773504	stand-off missile
n03773504	strategic missile
n03773504	submarine-launched missile
n03773504	surface-to-surface missile
n03773504	tactical missile
n03773504	tactical missiles
n03776460	mobile home park
n03776460	mobile home parks
n03776460	Static Caravan records
n03777754	56k modem
n03777754	acoustically coupled modem
n03777754	acoustic modem
n03777754	analog modem
n03777754	Bell 103 modem
n03777754	cellular modem
n03777754	computer modem
n03777754	dial-up modem
n03777754	digital modem
n03777754	DSL modem
n03777754	external modem
n03777754	mobile modem
n03777754	modem standards
n03777754	network modem
n03777754	radio modem
n03777754	software modem
n03777754	telephone modem
n03777754	voiceband modem
n03777754	wireless modem
n03785016	sport moped
n03787032	mortarboard cap
n03788195	300 Years Mosque
n03788195	Al-Mawaddah Mosque
n03788195	al-Quds Mosque
n03788195	An-Nasr Mosque
n03788195	Arba Rucun mosque
n03788195	ar-Rifai Mosque
n03788195	Baitul Futuh mosque
n03788195	Bregu Mosque
n03788195	congregational mosque
n03788195	Friday mosque
n03788195	Grand Mosque
n03788195	great mosque
n03788195	Great Mosque of Touba
n03788195	Ibrahim Mosque
n03788195	imperial mosque
n03788195	Jamia Mosque
n03788195	Jami Mosque
n03788195	Juma Mosque
n03788195	Jumma mosque
n03788195	Kazimar Big mosque
n03788195	Ketchaoua Mosque
n03788195	King Fahd mosque
n03788195	Kryepazari Mosque
n03788195	Lami Mosque
n03788195	largest mosques
n03788195	list of mosques
n03788195	list of mosques in Scandinavia
n03788195	London mosque
n03788195	Lukiškės mosque
n03788195	mosque and state
n03788195	mosque of Mulai Idris
n03788195	Mosque of the Prophet
n03788195	mosque school
n03788195	mosques in the United States
n03788195	Muhammad Ali mosque
n03788195	Muradiye Mosque
n03788195	Muslim mosque
n03788195	Namazgjahu Mosque
n03788195	national mosque
n03788195	new mosque
n03788195	oldest mosques
n03788195	oldest mosques in the world
n03788195	old mosque
n03788195	Red Mosque
n03788195	sacred mosque
n03788195	separation of mosque and state
n03788195	Sona mosque
n03788195	Süleymaniye mosque
n03788195	Umm al-Qura mosque
n03788195	wooden mosque
n03791053	electric scooter
n03791053	motorized scooter
n03791053	motor scooters
n03791053	push scooter
n03792782	mountain bicycle race
n03792782	mountain bike bog snorkelling
n03792782	mountain bike marathon
n03792782	mountain bike race
n03792782	mountain bike racer
n03792782	mountain bike racing
n03792782	Mountain bike racing
n03792782	mountain bike rider
n03792782	mountain bike riding
n03793489	keyboard and mouse
n03793489	Magic Mouse
n03793489	Microsoft mouse
n03793489	mouse button
n03793489	mouse click
n03793489	mouse pointer
n03793489	mouse systems
n03793489	three-button mouse
n03804744	rusty nail
n03832673	laptop computers
n03832673	laptop PC
n03837869	black obelisk
n03837869	kurgan obelisks
n03837869	obelisk of Axum
n03837869	Obelisk of Buenos Aires
n03837869	obelisk of Thutmosis III
n03837869	Vatican obelisk
n03838899	baroque oboe
n03838899	oboe concerto
n03838899	Oboe Concerto in G minor
n03838899	oboe concertos
n03838899	oboe da caccia
n03838899	piccolo oboe
n03838899	tenor oboe
n03841143	odometer fraud
n03841143	trip odometer
n03854065	American organ
n03854065	B-3 organ
n03854065	B3 organ
n03854065	band Organ
n03854065	church organ
n03854065	electric organ
n03854065	electronic organ
n03854065	Hammond organ
n03854065	hydraulic organ
n03854065	international organ festival
n03854065	organ builder
n03854065	organ building
n03854065	organ concerto
n03854065	organ loft
n03854065	Organ Mass
n03854065	organ music
n03854065	organ pedals
n03854065	organ pipe
n03854065	organ pipes
n03854065	organ scholar
n03854065	portable organ
n03854065	reed organ
n03854065	Robert Morton pipe organ
n03854065	steam organ
n03854065	Symphony for organ
n03857828	cathode ray oscilloscope
n03857828	cathode-ray oscilloscope
n03857828	Digital Storage Oscilloscope
n03857828	oscilloscope probe
n03857828	storage oscilloscope
n03873416	game paddle
n03873416	paddle control
n03873416	paddle controller
n03874293	paddle wheel ship
n03874293	paddle-wheel steamer
n03877472	pajama party
n03877472	pink pajamas
n03877845	city palace
n03877845	Court palace
n03877845	ducal palace
n03877845	Emirates Palace
n03877845	government palace
n03877845	grand palace
n03877845	great palace
n03877845	ice palace
n03877845	imperial palace
n03877845	medieval royal palace
n03877845	National Palace
n03877845	new palace
n03877845	old palace
n03877845	palace guard
n03877845	palace in Chwalibogowo
n03877845	palace of Emir Tashtimur
n03877845	palace of gold
n03877845	Palace of Minos
n03877845	palazzo style
n03877845	presidential palace
n03877845	Rohan Palace
n03877845	royal palace
n03877845	Royal Palaces
n03877845	state palace
n03877845	summer palace
n03877845	Venetian palace
n03877845	white palace
n03877845	Young Pioneer Palace
n03888257	braking parachute
n03888257	Parachute Association of Ireland
n03888257	Parachute band
n03888257	parachute battalion
n03888257	parachute club
n03888257	parachute cord
n03888257	parachute cords
n03888257	Parachute Drop zone
n03888257	parachute jump
n03888257	parachute rigger
n03888257	Parachute wings
n03888257	plastic parachute
n03888257	powered parachute
n03891332	parking meter attendant
n03895866	double-decker passenger car
n03899768	patio furniture
n03899768	patio room
n03899768	patio rooms
n03899768	roof terrace
n03903868	pedestal table
n03916031	essence and existence
n03916031	history of perfume
n03924679	color photocopier
n03929660	guitar plectrum
n03929660	plectrum technique
n03930313	white picket fence
n03930630	list of Pickup Trucks
n03930630	pick-up truck
n03930630	pickup truck racing
n03930630	pickup trucks
n03938244	throw pillow
n03967562	mole plough
n03967562	mouldboard plough
n03967562	plough horse
n03967562	scratch plough
n03967562	steam plough
n03970156	bathroom plunger
n03970156	sink plunger
n03970156	toilet plunger
n03980874	Rain poncho
n04004767	computer printers
n04004767	HP Printers
n04004767	Inkjet printers
n04004767	letter-quality printer
n04004767	line printer
n04004767	List of printer manufacturers
n04004767	printer port
n04005630	American prison
n04005630	American prisons
n04005630	American prison system
n04005630	British prison
n04005630	central prison
n04005630	died in prison
n04005630	die in prison
n04005630	Duke Street prison
n04005630	federal correctional institution
n04005630	federal prison
n04005630	federal prisons
n04005630	for-profit prison
n04005630	Hall prison
n04005630	Haslar prison
n04005630	high security prison
n04005630	indefinite prison sentence
n04005630	jail time
n04005630	life in prison
n04005630	local prison
n04005630	maximum-security prison
n04005630	Meriwether County jail
n04005630	military prison
n04005630	Mt. McGregor Correctional Facility
n04005630	new county jail
n04005630	new prison
n04005630	New York State correctional facility
n04005630	old prison
n04005630	open prison
n04005630	overcrowded prison
n04005630	penitentiary system
n04005630	political prison
n04005630	Porterfield Prison
n04005630	Prey Sar Prison
n04005630	prison architect
n04005630	prison camp
n04005630	prison camps
n04005630	prison cell
n04005630	prison cells
n04005630	prison commissioner
n04005630	prison conditions
n04005630	prison farm
n04005630	prison film
n04005630	prison for women
n04005630	prison island
n04005630	prison labor
n04005630	prison ministry
n04005630	prison planet
n04005630	prison reform
n04005630	prison sentence
n04005630	prison service
n04005630	prisons in the United Kingdom
n04005630	prison solidarity
n04005630	prison song
n04005630	prison term
n04005630	prison visitor
n04005630	prison warden
n04005630	private prison
n04005630	Scottish prison
n04005630	secret prison
n04005630	state prison
n04005630	state prison for men
n04005630	state prison for women
n04005630	state prisons
n04005630	super jail
n04005630	tattooing in prison
n04005630	Turkish prison
n04005630	UK prison
n04005630	women in prison
n04005630	youth prison
n04008634	homing missile
n04008634	long-range missile
n04008634	projectile point
n04008634	projectile points
n04009552	digital projector
n04009552	Digital projectors
n04009552	transparency projector
n04019541	puck drop
n04033901	golden quill
n04033901	quill feather
n04033995	Hawaiian Quilt
n04033995	patchwork quilt
n04033995	Quilt Index
n04033995	Quilt Treasures
n04039381	Badminton racquet
n04039381	racquet sport
n04039381	racquet sports
n04039381	tennis racquet
n04040759	heat radiator
n04040759	mast radiator
n04040759	Radiator grille
n04040759	radiator hose
n04040759	steam radiator
n04044716	Arecibo Radio Telescope
n04044716	Kraus-type radio telescope
n04044716	Ooty Radio telescope
n04044716	RT-70 radio telescope
n04065272	list of recreational vehicle manufacturers
n04065272	RV park
n04065272	R.V. Park
n04070727	absorption refrigerator
n04070727	domestic refrigerator
n04070727	electric refrigerator
n04070727	Smart refrigerator
n04074963	remote administration software
n04074963	remote administration tool
n04081281	5 star restaurant
n04081281	century restaurant
n04081281	chain restaurant
n04081281	Chinese restaurant
n04081281	Chinese restaurants
n04081281	family restaurants
n04081281	fastfood restaurant
n04081281	floating restaurant
n04081281	quick serve restaurant
n04081281	restaurant chain
n04081281	restaurant chains
n04081281	restaurant group
n04081281	restaurant management
n04081281	restaurant manager
n04081281	revolving restaurant
n04081281	rotating restaurant
n04081281	service restaurant
n04081281	themed restaurant
n04081281	theme restaurant
n04081281	types of restaurants
n04081281	Weber Grill Restaurant
n04086273	.44 caliber revolver
n04086273	antique revolvers
n04086273	automatic revolver
n04086273	LeMat revolver
n04086273	Nagant revolver
n04086273	revolver Bond
n04086273	revolver shooting
n04086273	service revolver
n04086273	single-action revolver
n04086273	snubnosed revolver
n04090263	Arisaka Rifle
n04090263	assault rifle
n04090263	automatic rifle
n04090263	automatic rifles
n04090263	blaster rifle
n04090263	Dreyse rifle
n04090263	El Rifle
n04090263	German rifle
n04090263	hunting rifle
n04090263	ID Sniper rifle
n04090263	infantry rifle
n04090263	Kalashnikov rifle
n04090263	Kentucky rifles
n04090263	long rifle
n04090263	muzzle-loading rifle
n04090263	precision rifle
n04090263	rifle butt
n04090263	rifle corps
n04090263	rifle range
n04090263	Rifle regiments
n04090263	rifle shooting
n04090263	rifle shot
n04090263	scope rifle
n04090263	semi-automatic rifles
n04090263	service rifle
n04090263	Sharps rifle
n04090263	short-barreled rifle
n04090263	standard rifle
n04111531	Chicken Out Rotisserie
n04111531	Chinese rotisserie
n04118776	standard ruler
n04125021	bank safe
n04125021	book safe
n04133789	socks and sandals
n04133789	winged sandal
n04141076	alto saxophone
n04141076	baritone saxophone
n04141076	jazz saxophone
n04141076	Saxophone Embouchure
n04141076	saxophone family
n04141076	saxophone players
n04141076	saxophone quartet
n04141076	saxophone solos
n04141076	solo saxophone
n04141076	soprano saxophone
n04141076	tenor saxophone
n04146614	riding school bus
n04146614	school bus accident
n04146614	short school bus
n04146614	yellow school bus
n04147183	armed schooner
n04147183	hired armed schooner Sir Sidney Smith
n04147183	schooner Jenny
n04147183	schooner rig
n04147183	Tancook Schooner
n04147183	topsail schooner
n04152593	Cathode Ray Tube Amusement Device
n04152593	cathode ray tube controller
n04153751	Computer case screw
n04153751	metal screw
n04153751	screw threads
n04154565	Phillips screwdriver
n04154565	torque screwdriver
n04162706	automatic seat belts
n04162706	fasten your seatbelt
n04162706	seat belt law
n04162706	seatbelt legislation
n04179913	overlock sewing machine
n04179913	sewing machine needle
n04192698	Archaean shield
n04192698	central shield
n04192698	golden shield
n04192698	Roman shield
n04192698	round shield
n04192698	shield bearer
n04192698	sword and buckler men
n04204347	shopping cart race
n04228054	artificial ski slope
n04228054	artificial ski slopes
n04228054	cross country ski
n04228054	ski area
n04228054	ski areas
n04228054	ski cap
n04228054	ski center
n04228054	Ski Club
n04228054	ski conditions
n04228054	ski country
n04228054	ski instructor
n04228054	ski jumper
n04228054	ski lodge
n04228054	ski orienteering
n04228054	ski race
n04228054	ski resort
n04228054	ski resorts
n04228054	ski run
n04228054	ski runs
n04228054	Ski School
n04228054	ski season
n04228054	ski slope
n04228054	Ski tour
n04228054	ski trail
n04228054	ski trails
n04228054	ski trip
n04228054	snow ski
n04228054	twin-tip ski
n04238763	circular slide rule
n04238763	mouse cursor
n04252077	Raider snowmobile
n04252225	rotary snow plough
n04252225	rotary snowplow
n04252225	snowplough turn
n04254120	automatic soap dispenser
n04254777	ankle sock
n04254777	Black socks
n04254777	blue socks
n04259630	golden sombrero
n04259630	sombrero function
n04259630	Sombrero island
n04285008	classic and sports car
n04285008	sports car market
n04285008	sports car racer
n04285008	sports car racing
n04285008	sportscar racing
n04296562	extra stage
n04296562	main stage
n04296562	new stage
n04296562	outdoor stage
n04296562	special effects Stage
n04296562	stage actors
n04296562	Stage band
n04296562	stage debut
n04296562	stage door
n04296562	types of stages
n04310018	5AT Advanced Technology steam locomotive
n04310018	articulated steam locomotive
n04310018	early steam locomotives
n04310018	high pressure steam locomotive
n04310018	high-pressure steam locomotive
n04310018	industrial steam locomotive
n04310018	steam locomotive production
n04311004	brace-ribbed through arch
n04311174	steelpan music
n04325704	fur stole
n04330267	electric stove
n04330267	gas stove
n04330267	hot stove
n04330267	pellet stoves
n04330267	wood burning stove
n04330267	wood-burning stove
n04330267	wood stove
n04335435	Bondi Tram
n04335435	cable tram
n04335435	Double-decker tram
n04335435	electric street car
n04335435	electric tram
n04335435	heritage streetcar
n04335435	heritage tram
n04335435	historic streetcar
n04335435	horse-drawn streetcar
n04335435	horse-drawn streetcars
n04335435	horse-drawn tram
n04335435	horse-drawn trolley
n04335435	horse tram
n04335435	I-Ride trolley
n04335435	Kenosha streetcar
n04335435	light rail station
n04335435	Light Rail station
n04335435	list of town tramway systems
n04335435	list of tram builders
n04335435	List of tramways
n04335435	Ljubljana tram
n04335435	low-floor tram
n04335435	man on the Bondi Tram
n04335435	Melbourne trams
n04335435	modern tramway
n04335435	new tram
n04335435	Nottingham Tram
n04335435	rural trolley
n04335435	steam tram-car
n04335435	streetcar named Desire
n04335435	Streetcars in New Orleans
n04335435	streetcar suburb
n04335435	streetcar track
n04335435	tram accident
n04335435	tram engine
n04335435	Tram route 3
n04335435	tram shed
n04335435	trams in Riga
n04335435	tram station
n04335435	tram stop
n04335435	tram stops
n04335435	tram track
n04335435	tram way
n04335435	trolley car
n04335435	trolley cars
n04335435	trolley line
n04335435	TTC streetcar
n04335435	vintage trolley
n04336792	stretcher bearer
n04336792	stretcher match
n04347754	anti submarine
n04347754	attack submarine
n04347754	attack submarines
n04347754	B1 Type submarine
n04347754	Balao-class submarine
n04347754	ballistic missile submarine
n04347754	Ballistic missile submarines
n04347754	Barracuda-class submarine
n04347754	battle submarine
n04347754	B class submarine
n04347754	black submarine
n04347754	cargo submarine
n04347754	C class submarine
n04347754	coastal submarine
n04347754	cruise missile submarine
n04347754	D class submarine
n04347754	Delta IV class submarine
n04347754	diesel submarines
n04347754	Dolfijn class submarine
n04347754	E-class submarine
n04347754	F class submarine
n04347754	F-class submarine
n04347754	fictional submarine
n04347754	fleet submarine
n04347754	flying submarine
n04347754	German submarine
n04347754	German submarines
n04347754	German submarine U-117
n04347754	German submarine U-139
n04347754	German submarine U-21
n04347754	German submarine U-24
n04347754	German submarine U-85
n04347754	German submarine U-870
n04347754	German submarine U-873
n04347754	German submarine U-92
n04347754	German U-boat
n04347754	H class submarine
n04347754	history of submarine
n04347754	hunter-killer submarine
n04347754	Japanese submarine I-10
n04347754	Kalvari class submarine
n04347754	K class submarine
n04347754	list of submarine classes
n04347754	List of submarine topographical features
n04347754	midget submarine
n04347754	nuclear powered submarine
n04347754	nuclear-powered submarine
n04347754	nuclear-powered submarines
n04347754	nuclear submarine
n04347754	nuclear submarines
n04347754	O-class submarine
n04347754	Project 615 submarine
n04347754	S class submarine
n04347754	S-class submarine
n04347754	Soviet submarine K-320
n04347754	submarine ace
n04347754	submarine attack
n04347754	submarine base
n04347754	submarine bases
n04347754	Submarine Cargo Vessel
n04347754	submarine chaser
n04347754	submarine command
n04347754	submarine communications
n04347754	submarine forces
n04347754	submarine launched ballistic missiles
n04347754	submarine navigation
n04347754	submarine net
n04347754	submarine patrol
n04347754	submarine pipeline
n04347754	submarine pitch
n04347754	submarine pitcher
n04347754	submarine pitching
n04347754	submarine quieting
n04347754	submarine rescue ship
n04347754	submarine rescue vessel
n04347754	submarine squadron
n04347754	submarine tender
n04347754	submarine warfare
n04347754	sub shop
n04347754	Sub TV
n04347754	T class submarine
n04347754	T-class submarine
n04347754	Type L submarine
n04347754	Type VII submarine
n04347754	unlimited submarine warfare
n04347754	V class submarine
n04347754	Vela class submarine
n04347754	yellow submarine
n04350905	black suit
n04350905	business suit
n04350905	dark suit
n04350905	Single-breasted Suit
n04350905	suits for men
n04350905	three-piece suit
n04350905	two-piece suit
n04355338	equatorial sundial
n04355338	Saxon sundial
n04356056	designer sunglasses
n04356056	mirrored sunglasses
n04356056	polarized sunglasses
n04356056	slatted sunglasses
n04356056	sunglass lens
n04356056	wraparound sunglasses
n04357314	sunscreen lotion
n04357314	wear sunscreen
n04366367	highest suspension bridge
n04366367	largest suspension bridge
n04366367	longest suspension bridge
n04366367	longest suspension bridge in the world
n04366367	self-anchored suspension bridge
n04366367	suspension bridges
n04367480	mop handle
n04372370	disconnect switch
n04372370	Door switch
n04372370	DPDT switch
n04372370	electronic switch
n04372370	flow switch
n04372370	main switch
n04372370	piezo switch
n04372370	pull switch
n04372370	rotary switch
n04372370	selector switch
n04376876	hypodermic syringe
n04376876	syringe exchange programs
n04389033	American tank
n04389033	anti tank
n04389033	battle tank
n04389033	Cavalry tank
n04389033	Chinese tanks
n04389033	dummy tank
n04389033	dummy tanks
n04389033	French tanks
n04389033	German tanks
n04389033	great tank
n04389033	heavy tank
n04389033	history of the tank
n04389033	light tank
n04389033	M2 Medium tank
n04389033	M5 tank
n04389033	main battle tank
n04389033	medium tank
n04389033	medium tanks
n04389033	Nazi tank
n04389033	panzer tank
n04389033	pink tank
n04389033	Ram tank
n04389033	Soviet tanks
n04389033	tank battle
n04389033	tank battles
n04389033	tank driver
n04389033	tank force
n04389033	tank game
n04389033	Tank game
n04389033	tank gun
n04389033	tank gunnery
n04389033	tank guns
n04389033	tank museum
n04389033	tank track
n04389033	tank tread
n04389033	tank warfare
n04389033	unmanned tank
n04399382	teddy bear museum
n04399382	Teddy Roosevelt
n04404412	television equipment
n04417672	thatch palm
n04429376	assistant at the papal throne
n04429376	claim the throne
n04429376	Danish throne
n04429376	empty throne
n04429376	English Throne
n04429376	French Throne
n04429376	golden throne
n04429376	marble throne
n04429376	Polish throne
n04429376	power behind the throne
n04429376	Russian throne
n04429376	succession to the throne
n04429376	throne room
n04443257	tobacconist shop
n04456115	carrying a torch
n04456115	electric torch
n04456115	tiki torch
n04456115	torch bearers
n04456115	torch festival
n04465501	agricultural tractors
n04465501	caterpillar tractor
n04465501	crawler tractor
n04465501	garden tractor
n04465501	Holt tractor
n04465501	red tractor
n04465501	steam tractor
n04465501	track-type tractor
n04465501	tractor aircraft
n04465501	tractor configuration
n04465501	tractor plants
n04465501	tractor propeller
n04465501	tractor pulling
n04465501	tractor unit
n04465501	Ursus tractor
n04467665	tractor-trailer truck
n04476259	kidney tray
n04476259	serving tray
n04482393	delivery tricycle
n04482393	electric tricycle
n04482393	motorized tricycle
n04482393	recumbent tricycle
n04482393	steam tricycle
n04482393	tricycle undercarriage
n04485082	camera tripod
n04487081	electric trolleybus
n04487081	electric trolley bus
n04487081	Glasgow trolleybus
n04487081	Guadalajara trolleybus system
n04487081	Mexico City trolleybus system
n04487081	Zürich trolleybus system
n04487394	bass trombone
n04487394	contrabass Trombone
n04487394	slide trombone
n04487394	soprano trombone
n04487394	tenor trombone
n04487394	Trombone Concerto
n04487394	trombone player
n04487394	trombone slide
n04487394	types of trombone
n04487394	valve trombone
n04501370	turnstile jumping
n04507155	black umbrella
n04507155	green umbrella
n04507155	man with an umbrella
n04507155	paper umbrella
n04507155	parasol wing
n04507155	red umbrella
n04507155	umbrella group
n04507155	umbrella name
n04507155	white umbrella
n04509417	Mountain unicycling
n04509417	Unicycle basketball
n04517823	central vacuum
n04517823	central vacuum cleaner
n04517823	central vacuum system
n04517823	classical vacuum
n04517823	existence of the vacuum
n04517823	hard vacuum
n04517823	hypoallergenic vacuum cleaner
n04517823	partial vacuum
n04517823	perfect vacuum
n04517823	physical vacuum
n04517823	Robotic vacuum cleaner
n04517823	space vacuum
n04517823	vacuum technology
n04522168	Flower Vase
n04522168	Greek vase
n04522168	Greek vases
n04523525	barrel vault
n04523525	burial vault
n04523525	cross-ribbed vault
n04523525	diamond vault
n04523525	family vault
n04523525	parabolic vault
n04523525	ribbed vault
n04523525	shell vault
n04523525	star vault
n04523525	stellar vault
n04523525	tunnel vault
n04523525	wagon vault
n04525038	black velvet
n04525038	blue velvet
n04525038	green velvet
n04525038	red velvet
n04525038	velvet rope
n04532106	episcopal vestment
n04532106	eucharistic vestments
n04532106	papal vestments
n04532670	Chappel viaduct
n04532670	concrete viaduct
n04532670	Glen Mooar viaduct
n04532670	Long Island Viaduct
n04532670	Otira viaduct
n04532670	Park Avenue viaduct
n04532670	railway viaduct
n04532670	Suplacu de Barcău viaduct
n04532670	Victoria Viaduct
n04532670	Vista Avenue viaduct
n04532670	Wetheral Viaduct
n04536866	24 Caprices for violin
n04536866	5 string violin
n04536866	American fiddle
n04536866	baritone violin
n04536866	Baroque violin
n04536866	bass fiddle
n04536866	bass violin
n04536866	black violin
n04536866	bull fiddle
n04536866	Cajun fiddle
n04536866	Canadian fiddle
n04536866	Cape Breton fiddling
n04536866	Carnatic violin
n04536866	Chinese fiddle
n04536866	Chinese violin
n04536866	Concerto for Violin and Orchestra
n04536866	electric fiddle
n04536866	electric violin
n04536866	fiddle and violin
n04536866	Fiddle Champion
n04536866	fiddle contest
n04536866	fiddle player
n04536866	fiddle players
n04536866	fiddle Tim
n04536866	history of violin
n04536866	Indian violin
n04536866	Irish fiddle
n04536866	jazz violin
n04536866	keyed fiddle
n04536866	Norwegian violin
n04536866	old time fiddle
n04536866	old-time fiddle
n04536866	playing the violin
n04536866	Polish fiddling
n04536866	red violin
n04536866	Scottish fiddle
n04536866	Scottish fiddle music
n04536866	Sonata for Violin and Piano
n04536866	spike fiddle
n04536866	tenor violin
n04536866	Violin Bass
n04536866	violin bow
n04536866	Violin Concertos
n04536866	violin family
n04536866	violin History
n04536866	violin lesson
n04536866	violin maker
n04536866	violin makers
n04536866	violin making
n04536866	violin player
n04536866	violin section
n04536866	violin solo
n04536866	violin technique
n04536866	virtuoso violin
n04540053	volleyball net
n04540053	volleyball player
n04550184	closet gay
n04550184	Magic Wardrobe
n04550184	royal wardrobe
n04550184	wardrobe supervisor
n04554684	automatic washing machine
n04554684	top-loading washing machine
n04554684	washing machine agitator
n04562935	Compton Hill Water Tower
n04562935	leaning water tower
n04562935	old water tower
n04562935	red water tower
n04562935	rooftop water tower
n04579432	factory whistle
n04579432	noon whistle
n04579432	steam whistle
n04584207	horsehair wig
n04584207	powdered wig
n04591713	wine bottle sizes
n04596742	wok racing
n04599235	Australian wool
n04599235	merino wool
n04599235	Organic wool
n04599235	Pure wool
n04599235	raw wool
n04599235	sheep wool
n04599235	virgin wool
n04599235	wool blankets
n04599235	wool trade
n04599235	wooly hair
n06359193	bookmarking website
n06359193	commercial website
n06359193	community website
n06359193	corporate website
n06359193	dating web site
n06359193	dynamic web site
n06359193	educational website
n06359193	fan website
n06359193	free website
n06359193	government website
n06359193	internet site
n06359193	internet websites
n06359193	new site
n06359193	news website
n06359193	NORAD Tracks Santa website
n06359193	official website
n06359193	personal website
n06359193	personal Web site
n06359193	review website
n06359193	school website
n06359193	secure website
n06359193	travel website
n06359193	Web site address
n06359193	Website address
n06359193	Website awards
n06359193	website builder
n06359193	website content
n06359193	website design
n06359193	Web site design
n06359193	website development
n06359193	web site management
n06359193	website traffic
n06596364	American comic book
n06596364	American comic-book
n06596364	American comic books
n06596364	British comic artists
n06596364	Canadian comic books
n06596364	Chinese comic book
n06596364	comic book anthology
n06596364	comic book art
n06596364	comic book artist
n06596364	comic-book artist
n06596364	comic book artist and writer
n06596364	comic book collecting
n06596364	comic book collector
n06596364	comic book convention
n06596364	comic book conventions
n06596364	comic book creator
n06596364	comic book culture
n06596364	comic book Death
n06596364	comic book distributor
n06596364	comic book editor
n06596364	comic book idol
n06596364	comic book illustrator
n06596364	comic book industry
n06596364	comic book miniseries
n06596364	comic book mini-series
n06596364	comic book publisher
n06596364	comic book publishers
n06596364	comic book retailer
n06596364	comic books and strips
n06596364	comic book series
n06596364	comic book shop
n06596364	comic book store
n06596364	comic book villains
n06596364	comic book writer
n06596364	comic book writer and artist
n06596364	comic book writer/artist
n06596364	Disney comic book
n06596364	Hero comic book
n06596364	independent comic book
n06596364	list of comic books
n06596364	Polish comic book
n06596364	Spanish comic books
n06596364	war comic book
n06596364	Western comic book
n06785654	crossword puzzle
n06785654	cryptic crossword
n06874185	solar traffic light
n06874185	traffic light signal
n06874185	traffic signal timing
n07583066	fresh guacamole
n07584110	beef consommé
n07590611	Sichuan hot pot
n07613480	English trifle
n07614500	chocolate ice cream
n07614500	Cornish ice cream
n07614500	Freeze dried ice cream
n07614500	Haunted house ice cream
n07614500	homemade ice cream
n07614500	ice cream cone
n07614500	ice cream cones
n07614500	ice cream flavors
n07614500	ice cream maker
n07614500	ice cream man
n07614500	ice cream parlor
n07614500	ice cream parlors
n07614500	ice cream parlour
n07614500	ice cream shop
n07614500	ice cream social
n07614500	ice cream soufflé
n07614500	ice cream truck
n07614500	ice cream van
n07614500	Ice cream vans
n07614500	ideal ice cream
n07614500	Indian ice cream
n07614500	Italian ice cream
n07614500	mastic ice cream
n07614500	Mint Chocolate Chip ice cream
n07614500	Peach ice cream
n07614500	soft ice cream
n07614500	strawberry ice cream
n07614500	Turkish ice cream
n07614500	vanilla ice cream
n07615774	lolly shop
n07693725	American bagel
n07693725	New York-style bagel
n07695742	soft pretzel
n07695742	Soft Pretzels
n07697313	bacon cheeseburger
n07697313	double cheeseburger
n07711569	instant mashed potato
n07711569	instant mashed potatoes
n07718747	Artichoke tea
n07742313	Granny Smith apple
n07742313	Granny Smith apples
n07745940	strawberry jam
n07747607	orange rind
n07753275	pineapple plant
n07754684	jackfruit chips
n07754684	jackfruit tree
n07768694	pomegranate fruit
n07802026	Hay baler
n07802026	Hay Township
n07802026	salt hay
n07802026	timothy hay
n07831146	pasta alla carbonara
n07831146	Spaghetti alla Carbonara
n07831146	Spaghetti Carbonara
n07860988	bread dough
n07860988	fried dough
n07860988	fried dough foods
n07873807	American pizza
n07873807	gourmet pizza
n07873807	Hawaiian pizza
n07873807	Margherita pizza
n07873807	National Pizza Month
n07873807	Neapolitan pizza
n07873807	New York-style pizza
n07873807	pizza chain
n07873807	pizza cheese
n07873807	pizza delivery
n07873807	pizza parlor
n07873807	pizza Pizza
n07873807	Pizza Ranch
n07873807	pizza sauce
n07873807	pizza saver
n07873807	pizza shop
n07875152	chicken pot pie
n07880968	bean burrito
n07880968	breakfast burrito
n07920052	double espresso
n07920052	espresso bar
n07920052	espresso coffee
n07920052	espresso machine
n07920052	espresso maker
n07920052	espresso shop
n09246464	cliff formation
n09246464	cliff jumping
n09246464	coastal cliff
n09246464	jumping off a cliff
n09246464	red cliff
n09246464	Red Cliffs
n09246464	sea cliff
n09246464	sea cliffs
n09256479	coral reef ecology
n09256479	coral reef fish
n09256479	coral reef fishes
n09256479	coral reef protection
n09256479	formation of coral reefs
n09288635	fountain geyser
n09399592	bays and headlands
n09399592	coastal headland
n09399592	low head
n09428293	Caribbean Coast
n09428293	coastal area
n09428293	coastal engineering
n09428293	Coastal range
n09428293	coastal trail
n09428293	coastal waters
n09428293	coast city
n09428293	coast line
n09428293	coast lines
n09428293	Coast of Australia
n09428293	coast region
n09428293	coast road
n09428293	Coast station
n09428293	Coast Survey
n09428293	Dutch coast
n09428293	east coast
n09428293	English coast
n09428293	French coast
n09428293	Gulf coast
n09428293	length of coast
n09428293	north coast
n09428293	north west coast
n09428293	rocky coast
n09428293	sea coast
n09428293	south coast
n09428293	South Coast of England
n09428293	southern coast
n09428293	Survey of the Coast
n09428293	west coast
n09468604	alpine valley
n09468604	Arroyo Grande valley
n09468604	blind valley
n09468604	broad valley
n09468604	Central Valley
n09468604	Chilean Central Valley
n09468604	Cole valley
n09468604	deep valley
n09468604	dry valley
n09468604	Franschhoek Valley
n09468604	green valley
n09468604	high valley
n09468604	inland valley
n09468604	Kulu Valley
n09468604	longitudinal valley
n09468604	long valley
n09468604	narrow valley
n09468604	Paro valley
n09468604	river valley
n09468604	rocky valley
n09468604	rural valley
n09468604	Samford valley
n09468604	San valley
n09468604	Treasure Valley
n09468604	U-shaped valley
n09468604	valley east
n09468604	valley head
n09468604	valley north
n09468604	Valley of the Moon
n09468604	Valley of the Shadow
n09468604	valley ridge
n09468604	valley town
n09468604	valley west
n09468604	warm valley
n09472597	Agua Volcano
n09472597	Alban Volcano
n09472597	Chilean volcano
n09472597	Cotacachi Volcano
n09472597	dormant volcanoes
n09472597	extinct volcanoes
n09472597	extraterrestrial volcano
n09472597	flaming onion volcano
n09472597	ice volcano
n09472597	Indian Heaven Volcanic field
n09472597	list of Largest Volcanic Eruptions
n09472597	list of volcanoes
n09472597	Moffett volcano
n09472597	monogenetic volcano
n09472597	mud volcano
n09472597	sand volcano
n09472597	shield volcano
n09472597	shield volcanoes
n09472597	subglacial volcano
n09472597	submarine volcano
n09472597	tallest volcano
n09472597	undersea volcano
n09472597	volcanic arc
n09472597	volcanic ash
n09472597	Volcanic breccia
n09472597	volcanic complex
n09472597	volcanic cone
n09472597	volcanic cones
n09472597	volcanic crater
n09472597	volcanic dome
n09472597	volcanic ejecta
n09472597	volcanic eruption
n09472597	volcanic eruptions
n09472597	volcanic field
n09472597	volcanic fissure
n09472597	volcanic fissures
n09472597	volcanic gases
n09472597	volcanic group
n09472597	volcanic hazards
n09472597	volcanic hills
n09472597	volcanic island
n09472597	volcanic islands
n09472597	volcanic rock
n09472597	volcanic rocks
n09472597	volcanic soil
n09472597	volcanic soils
n09472597	volcano crater
n09472597	volcano group
n09472597	volcano high
n09472597	volcano island
n09472597	Volcanos of the Philippines
n09472597	Volcano Songs
n09472597	Young Volcanoes
n10148035	bride and groom
n11879895	rapeseed oil
n12267677	acorn shell
n12267677	acorn tree
n12620546	Rose hip soup
n12985857	clavarioid fungi
n12998815	fly agaric
n13037406	genus Gyromitra
n13044778	earthstar fungus
n13052670	Maitake mushroom
n13052670	Maitake Mushrooms
